outcome,feature_set,model,threshold,precision,recall,f1,accuracy,specificity,TP,FP,TN,FN
high_debt_burden,app,"Logistic (app, calibrated)",0.01,0.4144736842105263,1.0,0.586046511627907,0.4144736842105263,0.0,2205,3115,0,0
high_debt_burden,app,"Logistic (app, calibrated)",0.02,0.41478555304740405,1.0,0.5863581970482649,0.41522556390977444,0.0012841091492776886,2205,3111,4,0
high_debt_burden,app,"Logistic (app, calibrated)",0.03,0.41530054644808745,0.999546485260771,0.5867944621938233,0.41654135338345866,0.0038523274478330658,2204,3103,12,1
high_debt_burden,app,"Logistic (app, calibrated)",0.04,0.4153788164342254,0.999546485260771,0.5868725868725869,0.41672932330827067,0.004173354735152488,2204,3102,13,1
high_debt_burden,app,"Logistic (app, calibrated)",0.05,0.4155354449472097,0.999546485260771,0.5870288986549473,0.41710526315789476,0.004815409309791332,2204,3100,15,1
high_debt_burden,app,"Logistic (app, calibrated)",0.06,0.415785498489426,0.998639455782313,0.5871217171043861,0.41785714285714287,0.006741573033707865,2202,3094,21,3
high_debt_burden,app,"Logistic (app, calibrated)",0.07,0.41564330247496695,0.9977324263038548,0.5868231528407575,0.4176691729323308,0.007062600321027288,2200,3093,22,5
high_debt_burden,app,"Logistic (app, calibrated)",0.08,0.4158790170132325,0.9977324263038548,0.5870580386924615,0.4182330827067669,0.008025682182985553,2200,3090,25,5
high_debt_burden,app,"Logistic (app, calibrated)",0.09,0.41655616594051903,0.9972789115646259,0.5876536611437734,0.4199248120300752,0.011235955056179775,2199,3080,35,6
high_debt_burden,app,"Logistic (app, calibrated)",0.1,0.4179813723626687,0.9972789115646259,0.5890704527189928,0.42330827067669174,0.017014446227929372,2199,3062,53,6
high_debt_burden,app,"Logistic (app, calibrated)",0.11,0.4181091877496671,0.9968253968253968,0.5891181988742964,0.4236842105263158,0.017977528089887642,2198,3059,56,7
high_debt_burden,app,"Logistic (app, calibrated)",0.12,0.42005368098159507,0.9936507936507937,0.5904864573507613,0.4287593984962406,0.028892455858747994,2191,3025,90,14
high_debt_burden,app,"Logistic (app, calibrated)",0.13,0.42137758055180397,0.9904761904761905,0.591229020032485,0.4323308270676692,0.03723916532905297,2184,2999,116,21
high_debt_burden,app,"Logistic (app, calibrated)",0.14,0.42552775605942145,0.9873015873015873,0.5947274962436826,0.4422932330827068,0.0565008025682183,2177,2939,176,28
high_debt_burden,app,"Logistic (app, calibrated)",0.15,0.4278360720649376,0.9800453514739229,0.5956449834619625,0.4484962406015038,0.07223113964686999,2161,2890,225,44
high_debt_burden,app,"Logistic (app, calibrated)",0.16,0.43161277364932715,0.9746031746031746,0.5982739420935411,0.4575187969924812,0.09149277688603531,2149,2830,285,56
high_debt_burden,app,"Logistic (app, calibrated)",0.17,0.4342265529841656,0.9700680272108844,0.5999158603281447,0.4637218045112782,0.10529695024077046,2139,2787,328,66
high_debt_burden,app,"Logistic (app, calibrated)",0.18,0.4370888157894737,0.964172335600907,0.601499504880464,0.4704887218045113,0.12102728731942215,2126,2738,377,79
high_debt_burden,app,"Logistic (app, calibrated)",0.19,0.4419820196529375,0.9587301587301588,0.6050372066399542,0.48120300751879697,0.14317817014446227,2114,2669,446,91
high_debt_burden,app,"Logistic (app, calibrated)",0.2,0.4447257383966245,0.9560090702947845,0.6070554355651547,0.4870300751879699,0.1550561797752809,2108,2632,483,97
high_debt_burden,app,"Logistic (app, calibrated)",0.21,0.44768804602599616,0.9528344671201814,0.6091620759640476,0.4932330827067669,0.16789727126805779,2101,2592,523,104
high_debt_burden,app,"Logistic (app, calibrated)",0.22,0.44794344473007713,0.9482993197278912,0.6084679179397643,0.49417293233082704,0.1727126805778491,2091,2577,538,114
high_debt_burden,app,"Logistic (app, calibrated)",0.23,0.4499891985310002,0.944671201814059,0.6095990635059995,0.49849624060150377,0.1826645264847512,2083,2546,569,122
high_debt_burden,app,"Logistic (app, calibrated)",0.24,0.45242760722839104,0.9424036281179138,0.6113562812591938,0.5033834586466165,0.1926163723916533,2078,2515,600,127
high_debt_burden,app,"Logistic (app, calibrated)",0.25,0.4546261371200355,0.9292517006802721,0.6105482717520858,0.5086466165413533,0.21091492776886037,2049,2458,657,156
high_debt_burden,app,"Logistic (app, calibrated)",0.26,0.4599495065411981,0.908843537414966,0.6107893934775983,0.5199248120300752,0.2446227929373997,2004,2353,762,201
high_debt_burden,app,"Logistic (app, calibrated)",0.27,0.4641759281153937,0.890249433106576,0.610195834628536,0.5285714285714286,0.27255216693418943,1963,2266,849,242
high_debt_burden,app,"Logistic (app, calibrated)",0.28,0.4675892206846322,0.8734693877551021,0.6091081593927894,0.5353383458646617,0.29598715890850724,1926,2193,922,279
high_debt_burden,app,"Logistic (app, calibrated)",0.29,0.47283150548354935,0.8603174603174604,0.6102621843332797,0.5445488721804511,0.32102728731942215,1897,2115,1000,308
high_debt_burden,app,"Logistic (app, calibrated)",0.3,0.4847218594933403,0.8417233560090703,0.6151806430228703,0.5635338345864662,0.3666131621187801,1856,1973,1142,349
high_debt_burden,app,"Logistic (app, calibrated)",0.31,0.49045442323205163,0.8272108843537415,0.6158001350438893,0.5721804511278196,0.391653290529695,1824,1895,1220,381
high_debt_burden,app,"Logistic (app, calibrated)",0.32,0.4966850828729282,0.8154195011337868,0.6173390557939914,0.581015037593985,0.41508828250401286,1798,1822,1293,407
high_debt_burden,app,"Logistic (app, calibrated)",0.33,0.5009845288326301,0.8077097505668934,0.6184027777777777,0.5868421052631579,0.4304975922953451,1781,1774,1341,424
high_debt_burden,app,"Logistic (app, calibrated)",0.34,0.50471293916024,0.8013605442176871,0.619348054679285,0.5917293233082707,0.44333868378812197,1767,1734,1381,438
high_debt_burden,app,"Logistic (app, calibrated)",0.35000000000000003,0.5065502183406113,0.7891156462585034,0.6170212765957447,0.5939849624060151,0.45585874799357945,1740,1695,1420,465
high_debt_burden,app,"Logistic (app, calibrated)",0.36,0.5106128550074739,0.7746031746031746,0.6154954954954955,0.5988721804511278,0.47447833065810596,1708,1637,1478,497
high_debt_burden,app,"Logistic (app, calibrated)",0.37,0.5158023933722,0.7623582766439909,0.6153001464128843,0.6048872180451128,0.49341894060995184,1681,1578,1537,524
high_debt_burden,app,"Logistic (app, calibrated)",0.38,0.5194601381042059,0.7505668934240363,0.6139862734186607,0.6088345864661654,0.5085072231139647,1655,1531,1584,550
high_debt_burden,app,"Logistic (app, calibrated)",0.39,0.524394184168013,0.7360544217687075,0.6124528301886792,0.6139097744360902,0.5274478330658106,1623,1472,1643,582
high_debt_burden,app,"Logistic (app, calibrated)",0.4,0.5246934040437521,0.7179138321995465,0.6062811183454615,0.6135338345864662,0.5396468699839486,1583,1434,1681,622
high_debt_burden,app,"Logistic (app, calibrated)",0.41000000000000003,0.527729934550465,0.6947845804988663,0.5998433829287392,0.6157894736842106,0.5598715890850723,1532,1371,1744,673
high_debt_burden,app,"Logistic (app, calibrated)",0.42,0.5327573794096472,0.671201814058957,0.594019666867349,0.6197368421052631,0.58330658105939,1480,1298,1817,725
high_debt_burden,app,"Logistic (app, calibrated)",0.43,0.5373971578160059,0.6517006802721088,0.5890551342488214,0.6231203007518797,0.6028892455858748,1437,1237,1878,768
high_debt_burden,app,"Logistic (app, calibrated)",0.44,0.541403785488959,0.6226757369614513,0.5792026998523518,0.625,0.626645264847512,1373,1163,1952,832
high_debt_burden,app,"Logistic (app, calibrated)",0.45,0.5480295566502463,0.6054421768707483,0.5753070458952811,0.6295112781954887,0.6465489566613162,1335,1101,2014,870
high_debt_burden,app,"Logistic (app, calibrated)",0.46,0.5612701252236136,0.5691609977324263,0.565188020716055,0.63703007518797,0.6850722311396469,1255,981,2134,950
high_debt_burden,app,"Logistic (app, calibrated)",0.47000000000000003,0.5666351606805293,0.5437641723356009,0.554964128673918,0.6385338345864662,0.7056179775280899,1199,917,2198,1006
high_debt_burden,app,"Logistic (app, calibrated)",0.48,0.5746492985971944,0.5201814058956916,0.5460604617948107,0.6415413533834586,0.7274478330658106,1147,849,2266,1058
high_debt_burden,app,"Logistic (app, calibrated)",0.49,0.5827455236028215,0.48707482993197276,0.5306324110671937,0.6428571428571429,0.7531300160513643,1074,769,2346,1131
high_debt_burden,app,"Logistic (app, calibrated)",0.5,0.580325960419092,0.45215419501133786,0.5082844761661993,0.637406015037594,0.7685393258426966,997,721,2394,1208
high_debt_burden,app,"Logistic (app, calibrated)",0.51,0.5832313341493268,0.43219954648526077,0.49648345923417564,0.6366541353383459,0.7813804173354735,953,681,2434,1252
high_debt_burden,app,"Logistic (app, calibrated)",0.52,0.5870841487279843,0.40816326530612246,0.4815409309791332,0.6357142857142857,0.7967897271268057,900,633,2482,1305
high_debt_burden,app,"Logistic (app, calibrated)",0.53,0.5909722222222222,0.3859410430839002,0.4669410150891632,0.6347744360902255,0.8109149277688603,851,589,2526,1354
high_debt_burden,app,"Logistic (app, calibrated)",0.54,0.5948339483394834,0.3655328798185941,0.45280898876404496,0.6338345864661654,0.8237560192616372,806,549,2566,1399
high_debt_burden,app,"Logistic (app, calibrated)",0.55,0.5961844197138315,0.3401360544217687,0.4331504475887959,0.6310150375939849,0.8369181380417335,750,508,2607,1455
high_debt_burden,app,"Logistic (app, calibrated)",0.56,0.5966101694915255,0.31927437641723355,0.4159527326440177,0.6283834586466165,0.8471910112359551,704,476,2639,1501
high_debt_burden,app,"Logistic (app, calibrated)",0.5700000000000001,0.603578154425612,0.29070294784580497,0.3924089378634833,0.6268796992481203,0.8648475120385233,641,421,2694,1564
high_debt_burden,app,"Logistic (app, calibrated)",0.58,0.6133190118152524,0.2589569160997732,0.3641581632653061,0.6251879699248121,0.884430176565008,571,360,2755,1634
high_debt_burden,app,"Logistic (app, calibrated)",0.59,0.61437125748503,0.23265306122448978,0.3375,0.6214285714285714,0.8966292134831461,513,322,2793,1692
high_debt_burden,app,"Logistic (app, calibrated)",0.6,0.5942249240121581,0.17732426303854876,0.27314006287111425,0.6088345864661654,0.9142857142857143,391,267,2848,1814
high_debt_burden,app,"Logistic (app, calibrated)",0.61,0.5885608856088561,0.14467120181405896,0.23225336730979254,0.6035714285714285,0.9284109149277688,319,223,2892,1886
high_debt_burden,app,"Logistic (app, calibrated)",0.62,0.5837209302325581,0.11383219954648525,0.19051233396584438,0.5990601503759398,0.9425361155698234,251,179,2936,1954
high_debt_burden,app,"Logistic (app, calibrated)",0.63,0.5702702702702702,0.09569160997732426,0.16388349514563105,0.5953007518796992,0.9489566613162119,211,159,2956,1994
high_debt_burden,app,"Logistic (app, calibrated)",0.64,0.547945205479452,0.05442176870748299,0.09900990099009901,0.5894736842105263,0.9682182985553772,120,99,3016,2085
high_debt_burden,app,"Logistic (app, calibrated)",0.65,0.5604395604395604,0.04625850340136054,0.0854629241726016,0.5896616541353383,0.9743178170144462,102,80,3035,2103
high_debt_burden,app,"Logistic (app, calibrated)",0.66,0.6265060240963856,0.023582766439909298,0.045454545454545456,0.5894736842105263,0.9900481540930979,52,31,3084,2153
high_debt_burden,app,"Logistic (app, calibrated)",0.67,0.6417910447761194,0.019501133786848073,0.03785211267605634,0.5890977443609022,0.9922953451043338,43,24,3091,2162
high_debt_burden,app,"Logistic (app, calibrated)",0.68,0.640625,0.018594104308390022,0.03613926840017629,0.5889097744360903,0.9926163723916533,41,23,3092,2164
high_debt_burden,app,"Logistic (app, calibrated)",0.6900000000000001,0.6101694915254238,0.0163265306122449,0.03180212014134276,0.58796992481203,0.9926163723916533,36,23,3092,2169
high_debt_burden,app,"Logistic (app, calibrated)",0.7000000000000001,0.6041666666666666,0.013151927437641724,0.025743453173546385,0.5874060150375939,0.993900481540931,29,19,3096,2176
high_debt_burden,app,"Logistic (app, calibrated)",0.71,0.6,0.009523809523809525,0.018750000000000003,0.5868421052631579,0.9955056179775281,21,14,3101,2184
high_debt_burden,app,"Logistic (app, calibrated)",0.72,0.6,0.00816326530612245,0.016107382550335572,0.5866541353383459,0.996147672552167,18,12,3103,2187
high_debt_burden,app,"Logistic (app, calibrated)",0.73,0.5217391304347826,0.005442176870748299,0.010771992818671453,0.5857142857142857,0.9964686998394864,12,11,3104,2193
high_debt_burden,app,"Logistic (app, calibrated)",0.74,0.55,0.004988662131519274,0.009887640449438203,0.5859022556390977,0.9971107544141252,11,9,3106,2194
high_debt_burden,app,"Logistic (app, calibrated)",0.75,0.55,0.004988662131519274,0.009887640449438203,0.5859022556390977,0.9971107544141252,11,9,3106,2194
high_debt_burden,app,"Logistic (app, calibrated)",0.76,0.5789473684210527,0.004988662131519274,0.009892086330935251,0.5860902255639098,0.9974317817014446,11,8,3107,2194
high_debt_burden,app,"Logistic (app, calibrated)",0.77,0.5555555555555556,0.0045351473922902496,0.008996851102114262,0.5859022556390977,0.9974317817014446,10,8,3107,2195
high_debt_burden,app,"Logistic (app, calibrated)",0.78,0.5555555555555556,0.0045351473922902496,0.008996851102114262,0.5859022556390977,0.9974317817014446,10,8,3107,2195
high_debt_burden,app,"Logistic (app, calibrated)",0.79,0.6666666666666666,0.0045351473922902496,0.00900900900900901,0.5864661654135338,0.9983948635634029,10,5,3110,2195
high_debt_burden,app,"Logistic (app, calibrated)",0.8,0.6428571428571429,0.004081632653061225,0.008111762054979722,0.5862781954887218,0.9983948635634029,9,5,3110,2196
high_debt_burden,app,"Logistic (app, calibrated)",0.81,0.6153846153846154,0.0036281179138321997,0.00721370604147881,0.5860902255639098,0.9983948635634029,8,5,3110,2197
high_debt_burden,app,"Logistic (app, calibrated)",0.8200000000000001,0.4444444444444444,0.0018140589569160999,0.003613369467028004,0.5853383458646616,0.9983948635634029,4,5,3110,2201
high_debt_burden,app,"Logistic (app, calibrated)",0.8300000000000001,0.4444444444444444,0.0018140589569160999,0.003613369467028004,0.5853383458646616,0.9983948635634029,4,5,3110,2201
high_debt_burden,app,"Logistic (app, calibrated)",0.84,0.4444444444444444,0.0018140589569160999,0.003613369467028004,0.5853383458646616,0.9983948635634029,4,5,3110,2201
high_debt_burden,app,"Logistic (app, calibrated)",0.85,0.4444444444444444,0.0018140589569160999,0.003613369467028004,0.5853383458646616,0.9983948635634029,4,5,3110,2201
high_debt_burden,app,"Logistic (app, calibrated)",0.86,0.42857142857142855,0.0013605442176870747,0.0027124773960216994,0.5853383458646616,0.9987158908507223,3,4,3111,2202
high_debt_burden,app,"Logistic (app, calibrated)",0.87,0.4,0.0009070294784580499,0.001809954751131222,0.5853383458646616,0.9990369181380417,2,3,3112,2203
high_debt_burden,app,"Logistic (app, calibrated)",0.88,0.6666666666666666,0.0009070294784580499,0.001811594202898551,0.5857142857142857,0.9996789727126806,2,1,3114,2203
high_debt_burden,app,"Logistic (app, calibrated)",0.89,0.6666666666666666,0.0009070294784580499,0.001811594202898551,0.5857142857142857,0.9996789727126806,2,1,3114,2203
high_debt_burden,app,"Logistic (app, calibrated)",0.9,0.6666666666666666,0.0009070294784580499,0.001811594202898551,0.5857142857142857,0.9996789727126806,2,1,3114,2203
high_debt_burden,app,"Logistic (app, calibrated)",0.91,1.0,0.0009070294784580499,0.0018124150430448573,0.5859022556390977,1.0,2,0,3115,2203
high_debt_burden,app,"Logistic (app, calibrated)",0.92,1.0,0.0009070294784580499,0.0018124150430448573,0.5859022556390977,1.0,2,0,3115,2203
high_debt_burden,app,"Logistic (app, calibrated)",0.93,1.0,0.0009070294784580499,0.0018124150430448573,0.5859022556390977,1.0,2,0,3115,2203
high_debt_burden,app,"Logistic (app, calibrated)",0.9400000000000001,1.0,0.0009070294784580499,0.0018124150430448573,0.5859022556390977,1.0,2,0,3115,2203
high_debt_burden,app,"Logistic (app, calibrated)",0.9500000000000001,0.0,0.0,0.0,0.5855263157894737,1.0,0,0,3115,2205
high_debt_burden,app,"Logistic (app, calibrated)",0.96,0.0,0.0,0.0,0.5855263157894737,1.0,0,0,3115,2205
high_debt_burden,app,"Logistic (app, calibrated)",0.97,0.0,0.0,0.0,0.5855263157894737,1.0,0,0,3115,2205
high_debt_burden,app,"Logistic (app, calibrated)",0.98,0.0,0.0,0.0,0.5855263157894737,1.0,0,0,3115,2205
high_debt_burden,app,"Logistic (app, calibrated)",0.99,0.0,0.0,0.0,0.5855263157894737,1.0,0,0,3115,2205
